"K-LOVE Radio Network — Complete Station List","","","","","",""
"Source: klove.com/music/station-finder/stations  |  589 stations  |  As of April 2026","","","","","",""
"","","","","","",""
"State Code","State Name","City","Frequency","Call Sign","Latitude","Logitude"
"AK","Alaska","Anchorage","88.5 FM","KAKL","61.370716","-152.404419"
"AK","Alaska","Fairbanks","88.3 FM","KZLR","61.370716","-152.404419"
"AK","Alaska","Juneau","89.7 FM","KLSF","61.370716","-152.404419"
"AK","Alaska","Ketchikan","88.1 FM","K201EG","61.370716","-152.404419"
"AK","Alaska","Kodiak","89.9 FM","K210CF","61.370716","-152.404419"
"AK","Alaska","Wasilla","99.3 FM","K257GG","61.370716","-152.404419"
"AL","Alabama","Auburn","90.3 FM","W212AP","32.806671","-86.79113"
"AL","Alabama","Birmingham","97.3 FM","WKVV","32.806671","-86.79113"
"AL","Alabama","Carbon Hill","89.7 FM","KRLE","32.806671","-86.79113"
"AL","Alabama","Gadsden","91.5 FM","WLGQ","32.806671","-86.79113"
"AL","Alabama","Huntsville","103.5 FM","WHVK","32.806671","-86.79113"
"AL","Alabama","Mobile","98.3 FM","WLVM","32.806671","-86.79113"
"AL","Alabama","Montgomery","107.9 FM","WMRK-FM","32.806671","-86.79113"
"AL","Alabama","Tuscaloosa","99.1 FM","WLXQ","32.806671","-86.79113"
"AR","Arkansas","Batesville","93.7 FM","K229CF","34.969704","-92.373123"
"AR","Arkansas","El Dorado","88.9 FM","KAKV","34.969704","-92.373123"
"AR","Arkansas","Fort Smith","90.7 FM","KLFH","34.969704","-92.373123"
"AR","Arkansas","Fort Smith","90.3 FM","KLFS","34.969704","-92.373123"
"AR","Arkansas","Harrison","91.9 FM","KHLR","34.969704","-92.373123"
"AR","Arkansas","Hot Springs","90.1 FM","KLRO","34.969704","-92.373123"
"AR","Arkansas","Jonesboro","105.3 FM","KLFJ","34.969704","-92.373123"
"AR","Arkansas","Jonesboro","97.9 FM","K250BH","34.969704","-92.373123"
"AR","Arkansas","Jonesboro","101.7 FM","KIYS-HD3","34.969704","-92.373123"
"AR","Arkansas","Little Rock","96.9 FM","KWLR","34.969704","-92.373123"
"AR","Arkansas","Marvell","90.7 FM","KLMK","34.969704","-92.373123"
"AR","Arkansas","Mena","94.9 FM","K235DB","34.969704","-92.373123"
"AR","Arkansas","Mountain Home","90.7 FM","KLRM","34.969704","-92.373123"
"AR","Arkansas","Pine Bluff","93.1 FM","K226AG","34.969704","-92.373123"
"AR","Arkansas","Searcy","88.7 FM","KLUY","34.969704","-92.373123"
"AR","Arkansas","Texarkana","89.3 FM","KKLT","34.969704","-92.373123"
"AS","American Samoa","Pago Pago","88.9 FM","KVPP","",""
"AZ","Arizona","Bullhead City","89.9 FM","KLKI","33.729759","-111.431221"
"AZ","Arizona","Casa Grande","106.5 FM","KKMR","33.729759","-111.431221"
"AZ","Arizona","Flagstaff","90.5 FM","K213FL","33.729759","-111.431221"
"AZ","Arizona","Globe","88.5 FM","KLKA","33.729759","-111.431221"
"AZ","Arizona","Phoenix","89.1 FM","KLVK","33.729759","-111.431221"
"AZ","Arizona","Phoenix","89.9 FM","KLVA","33.729759","-111.431221"
"AZ","Arizona","Prescott","90.9 FM","KLPT","33.729759","-111.431221"
"AZ","Arizona","Safford","90.9 FM","KLTQ","33.729759","-111.431221"
"AZ","Arizona","Tucson","88.1 FM","KLTU","33.729759","-111.431221"
"AZ","Arizona","Wickenburg","91.1 FM","K216GP","33.729759","-111.431221"
"AZ","Arizona","Yuma","100.9 FM","KYLK","33.729759","-111.431221"
"CA","California","Bakersfield","88.7 FM","KBLV","36.116203","-119.681564"
"CA","California","Chester","98.9 FM","KWLU","36.116203","-119.681564"
"CA","California","Chico","88.3 FM","KLVC","36.116203","-119.681564"
"CA","California","Crescent City","100.5 FM","K263CE","36.116203","-119.681564"
"CA","California","Eureka","103.7 FM","KLKE","36.116203","-119.681564"
"CA","California","Eureka","105.9 FM","K290BZ","36.116203","-119.681564"
"CA","California","Fairfield","91.9 FM","K220JB","36.116203","-119.681564"
"CA","California","Fontana","92.7 FM","K224DK","36.116203","-119.681564"
"CA","California","Fresno","91.1 FM","KLVY","36.116203","-119.681564"
"CA","California","Gilroy","89.1 FM","K206BQ","36.116203","-119.681564"
"CA","California","Hemet","91.1 FM","KKLP","36.116203","-119.681564"
"CA","California","King City","95.5 FM","K238AH","36.116203","-119.681564"
"CA","California","Lancaster","95.1 FM","K236AW","36.116203","-119.681564"
"CA","California","Laytonville","91.9 FM","KHKL","36.116203","-119.681564"
"CA","California","Los Angeles","100.3 FM","KKLQ","36.116203","-119.681564"
"CA","California","Modesto","88.3 FM","KLVN","36.116203","-119.681564"
"CA","California","Modesto","90.5 FM","KLXF","36.116203","-119.681564"
"CA","California","Mount Shasta","98.5 FM","K253AX","36.116203","-119.681564"
"CA","California","Nevada City","92.9 FM","K225AU","36.116203","-119.681564"
"CA","California","Oroville","104.5 FM","K283AR","36.116203","-119.681564"
"CA","California","Pacifica","89.3 FM","KMVS","36.116203","-119.681564"
"CA","California","Palm Springs","105.1 FM","KLXB","36.116203","-119.681564"
"CA","California","Petaluma","92.1 FM","K221DQ","36.116203","-119.681564"
"CA","California","Redding","101.9 FM","K270AA","36.116203","-119.681564"
"CA","California","Redding","107.9 FM","KKLC","36.116203","-119.681564"
"CA","California","Ridgecrest","89.7 FM","KLXP","36.116203","-119.681564"
"CA","California","Sacramento","103.9 FM","KLVB","36.116203","-119.681564"
"CA","California","Sacramento/Stockton","89.7 FM","KLRS","36.116203","-119.681564"
"CA","California","Salinas-Monterey","88.9 FM","KLVM","36.116203","-119.681564"
"CA","California","San Diego","102.1 FM","KLVJ","36.116203","-119.681564"
"CA","California","San Francisco","107.3 FM","KLVS","36.116203","-119.681564"
"CA","California","San Francisco","104.1 FM","K281BU","36.116203","-119.681564"
"CA","California","San Jose","95.3 FM","KJLV","36.116203","-119.681564"
"CA","California","San Luis Obispo","96.1 FM","KSLY","36.116203","-119.681564"
"CA","California","San Marcos","96.9 FM","K245AI","36.116203","-119.681564"
"CA","California","Santa Barbara","97.5 FM","KLSB","36.116203","-119.681564"
"CA","California","Santa Rosa","91.9 FM","KLVR","36.116203","-119.681564"
"CA","California","Sonora","100.7 FM","K264BP","36.116203","-119.681564"
"CA","California","Stockton","102.9 FM","K275BT","36.116203","-119.681564"
"CA","California","Susanville","98.5 FM","K253AA","36.116203","-119.681564"
"CA","California","Temecula","104.1 FM","KKLM","36.116203","-119.681564"
"CA","California","Thousand Oaks","92.7 FM","KAIV-HD2","36.116203","-119.681564"
"CA","California","Tracy","90.7 FM","KYKL","36.116203","-119.681564"
"CA","California","Ukiah","97.1 FM","KULV","36.116203","-119.681564"
"CA","California","Vacaville","103.1 FM","K276EK","36.116203","-119.681564"
"CA","California","Victorville","89.5 FM","KLXD","36.116203","-119.681564"
"CA","California","Visalia","90.5 FM","KLXY","36.116203","-119.681564"
"CA","California","Yreka","95.9 FM","K240EJ","36.116203","-119.681564"
"CO","Colorado","Aspen","89.9 FM","K210BO","39.059811","-105.311104"
"CO","Colorado","Breckenridge","88.7 FM","KBKV","39.059811","-105.311104"
"CO","Colorado","Buena Vista","90.3 FM","KKBV","39.059811","-105.311104"
"CO","Colorado","Cedaredge","101.3 FM","K267AZ","39.059811","-105.311104"
"CO","Colorado","Colorado Springs","102.7 FM","KBIQ","39.059811","-105.311104"
"CO","Colorado","Cortez","101.7 FM","K269HG","39.059811","-105.311104"
"CO","Colorado","Craig","90.7 FM","K214FQ","39.059811","-105.311104"
"CO","Colorado","Denver","91.1 FM","KLDV","39.059811","-105.311104"
"CO","Colorado","Dillon","90.3 FM","K212GJ","39.059811","-105.311104"
"CO","Colorado","Durango","88.5 FM","KLCQ","39.059811","-105.311104"
"CO","Colorado","Estes Park","88.7 FM","K204GT","39.059811","-105.311104"
"CO","Colorado","Glenwood Springs","89.7 FM","K209FA","39.059811","-105.311104"
"CO","Colorado","Glenwood Springs","91.9 FM","KLXV","39.059811","-105.311104"
"CO","Colorado","Grand Junction","90.3 FM","KLFV","39.059811","-105.311104"
"CO","Colorado","Gunnison","91.9 FM","K220AH","39.059811","-105.311104"
"CO","Colorado","Gypsum","91.3 FM","KLRY","39.059811","-105.311104"
"CO","Colorado","Hotchkiss","99.5 FM","KLHQ","39.059811","-105.311104"
"CO","Colorado","Leadville","89.1 FM","K206AZ","39.059811","-105.311104"
"CO","Colorado","Loveland","101.7 FM","K269EQ","39.059811","-105.311104"
"CO","Colorado","Meeker","91.7 FM","K219AW","39.059811","-105.311104"
"CO","Colorado","Mesa","89.9 FM","K210CE","39.059811","-105.311104"
"CO","Colorado","Montrose","92.5 FM","K223BR","39.059811","-105.311104"
"CO","Colorado","Nucla","90.5 FM","K213BX","39.059811","-105.311104"
"CO","Colorado","Pagosa Springs","90.9 FM","K215AX","39.059811","-105.311104"
"CO","Colorado","Parachute","91.5 FM","K218BP","39.059811","-105.311104"
"CO","Colorado","Rangely","91.9 FM","K220BM","39.059811","-105.311104"
"CO","Colorado","Steamboat Springs","89.3 FM","KLBV","39.059811","-105.311104"
"CO","Colorado","Sterling","99.3 FM","K257FD","39.059811","-105.311104"
"CO","Colorado","Sterling","91.3 FM","KLZV","39.059811","-105.311104"
"CO","Colorado","Telluride","90.7 FM","KLMQ","39.059811","-105.311104"
"CO","Colorado","Vail","90.3 FM","K212FY","39.059811","-105.311104"
"CT","Connecticut","Hartford","106.9 FM","WCCC","41.597782","-72.755371"
"DC","Dist. of Columbia","Washington","107.3 FM","WLVW","",""
"DE","Delaware","Dover","103.3 FM","W277AH","39.318523","-75.507141"
"FL","Florida","Fort Myers","88.7 FM","WDLV","27.766279","-81.686783"
"FL","Florida","Gainesville","88.7 FM","W204BL","27.766279","-81.686783"
"FL","Florida","Jacksonville","90.9 FM","WJKV","27.766279","-81.686783"
"FL","Florida","Key West","89.9 FM","WKWR","27.766279","-81.686783"
"FL","Florida","Miami","89.7 FM","WMLV","27.766279","-81.686783"
"FL","Florida","Panama City","107.9 FM","WPFM","27.766279","-81.686783"
"FL","Florida","Pensacola","95.7 FM","WPLV","27.766279","-81.686783"
"FL","Florida","Starke","88.3 FM","WLSF","27.766279","-81.686783"
"FL","Florida","Tallahassee","103.7 FM","W279CU","27.766279","-81.686783"
"FL","Florida","Tallahassee","91.9 FM","WKVH","27.766279","-81.686783"
"FL","Florida","Tampa","98.7 FM","WKVZ","27.766279","-81.686783"
"FL","Florida","Vero Beach","90.7 FM","W214BD","27.766279","-81.686783"
"FL","Florida","West Palm Beach","90.7 FM","WFLV","27.766279","-81.686783"
"GA","Georgia","Albany","106.1 FM","WHKV","33.040619","-83.643074"
"GA","Georgia","Americus","88.7 FM","WQLR","33.040619","-83.643074"
"GA","Georgia","Atlanta","106.7 FM","WAKL","33.040619","-83.643074"
"GA","Georgia","Augusta","102.3 FM","WEKL","33.040619","-83.643074"
"GA","Georgia","Bainbridge","105.9 FM","W290AS","33.040619","-83.643074"
"GA","Georgia","Columbus","90.5 FM","WKCC","33.040619","-83.643074"
"GA","Georgia","Dallas","92.5 FM","W223BP","33.040619","-83.643074"
"GA","Georgia","Gainesville","105.1 FM","WLVG","33.040619","-83.643074"
"GA","Georgia","Hawkinsville","103.9 FM","WGLH","33.040619","-83.643074"
"GA","Georgia","Macon","105.5 FM","WLXF","33.040619","-83.643074"
"GA","Georgia","Rome","95.7 FM","WUKV","33.040619","-83.643074"
"GA","Georgia","Savannah","102.1 FM","WKZV","33.040619","-83.643074"
"GA","Georgia","Savannah","102.1 FM","WKZV-HD2","33.040619","-83.643074"
"GA","Georgia","Valdosta-Tifton","95.3 FM","WVKV","33.040619","-83.643074"
"GA","Georgia","Warner Robins","102.5 FM","WGLU","33.040619","-83.643074"
"HI","Hawaii","Hilo","88.1 FM","KLHE","21.094318","-157.498337"
"HI","Hawaii","Honolulu","103.5 FM","KLUU","21.094318","-157.498337"
"HI","Hawaii","Kailua-Kona","91.1 FM","KLHY","21.094318","-157.498337"
"HI","Hawaii","Lahaina","95.9 FM","KKHI","21.094318","-157.498337"
"HI","Hawaii","Maui","100.7 FM","KMKV","21.094318","-157.498337"
"IA","Iowa","Ames","97.9 FM","K250BC","42.011539","-93.210526"
"IA","Iowa","Burlington","107.7 FM","K299AU","42.011539","-93.210526"
"IA","Iowa","Cedar Rapids","103.9 FM","K280HA","42.011539","-93.210526"
"IA","Iowa","Cedar Rapids","89.1 FM","KXGM-HD2","42.011539","-93.210526"
"IA","Iowa","Des Moines","90.5 FM","K213DV","42.011539","-93.210526"
"IA","Iowa","Des Moines","95.3 FM","K237GC","42.011539","-93.210526"
"IA","Iowa","Des Moines","103.7 FM","K279BX","42.011539","-93.210526"
"IA","Iowa","Des Moines","107.5 FM","KKDM-HD3","42.011539","-93.210526"
"IA","Iowa","Fort Dodge","89.5 FM","KLFG","42.011539","-93.210526"
"IA","Iowa","Keokuk","95.3 FM","KQKL","42.011539","-93.210526"
"IA","Iowa","Newton","88.3 FM","KKLG","42.011539","-93.210526"
"IA","Iowa","Ottumwa","90.3 FM","K212GH","42.011539","-93.210526"
"IA","Iowa","Sioux Center","88.5 FM","KLDX","42.011539","-93.210526"
"IA","Iowa","Sioux City","100.1 FM","K261DY","42.011539","-93.210526"
"IA","Iowa","Sioux City","107.5 FM","KILV","42.011539","-93.210526"
"ID","Idaho","Boise","99.5 FM","KLXI","44.240459","-114.478828"
"ID","Idaho","Burley","103.7 FM","K279CV","44.240459","-114.478828"
"ID","Idaho","Pocatello","91.5 FM","K218EZ","44.240459","-114.478828"
"ID","Idaho","Pocatello/Idaho Falls","89.5 FM","KLRI","44.240459","-114.478828"
"ID","Idaho","Twin Falls","92.1 FM","K221FT","44.240459","-114.478828"
"ID","Idaho","Twin Falls","99.1 FM","KXTA-HD4","44.240459","-114.478828"
"IL","Illinois","Bloomington","96.7 FM","WIKF","40.349457","-88.986137"
"IL","Illinois","Chicago","97.9 FM","WCKL","40.349457","-88.986137"
"IL","Illinois","Chicago-Western Suburbs","92.5 FM","WCLR","40.349457","-88.986137"
"IL","Illinois","Decatur","99.3 FM","WXFM","40.349457","-88.986137"
"IL","Illinois","Joliet","99.1 FM","W256CA","40.349457","-88.986137"
"IL","Illinois","North Chicago","89.1 FM","WOKL","40.349457","-88.986137"
"IL","Illinois","Peoria","107.9 FM","WPZA-HD2","40.349457","-88.986137"
"IL","Illinois","Quad Cities","98.9 FM","WLKU","40.349457","-88.986137"
"IL","Illinois","Rockford","91.1 FM","WILV","40.349457","-88.986137"
"IL","Illinois","Springfield","96.7 FM","WIKC","40.349457","-88.986137"
"IL","Illinois","Woodstock","91.7 FM","WZKL","40.349457","-88.986137"
"IN","Indiana","Anderson","92.7 FM","W224CL","39.849426","-86.258278"
"IN","Indiana","Bedford","97.3 FM","W247AY","39.849426","-86.258278"
"IN","Indiana","Bloomington","90.9 FM","WBKC","39.849426","-86.258278"
"IN","Indiana","Columbus","102.1 FM","W271BG","39.849426","-86.258278"
"IN","Indiana","Connersville","105.5 FM","W288CM","39.849426","-86.258278"
"IN","Indiana","Elwood","101.7 FM","WIKL","39.849426","-86.258278"
"IN","Indiana","Evansville","94.9 FM","WYNG","39.849426","-86.258278"
"IN","Indiana","Evansville","95.3 FM","WKVN","39.849426","-86.258278"
"IN","Indiana","Evansville","101.9 FM","WEKV","39.849426","-86.258278"
"IN","Indiana","Indianapolis","101.9 FM","WKLU","39.849426","-86.258278"
"IN","Indiana","Kokomo","88.3 FM","WCKO","39.849426","-86.258278"
"IN","Indiana","Lafayette","88.9 FM","WLXJ","39.849426","-86.258278"
"IN","Indiana","Muncie","88.3 FM","WKMV","39.849426","-86.258278"
"IN","Indiana","Plymouth","89.3 FM","WIKV","39.849426","-86.258278"
"IN","Indiana","Richmond","89.3 FM","WKRT","39.849426","-86.258278"
"IN","Indiana","Seymour","91.5 FM","WJLR","39.849426","-86.258278"
"IN","Indiana","Terre Haute","95.9 FM","WHLR","39.849426","-86.258278"
"IN","Indiana","Warsaw","88.7 FM","WQKV","39.849426","-86.258278"
"KS","Kansas","Atchison","97.7 FM","K249DT","38.5266","-96.726486"
"KS","Kansas","Emporia","90.7 FM","KEKL","38.5266","-96.726486"
"KS","Kansas","Great Bend","91.9 FM","KRTY","38.5266","-96.726486"
"KS","Kansas","Hutchinson","93.9 FM","K230BP","38.5266","-96.726486"
"KS","Kansas","Manhattan/Topeka","88.9 FM","KGLV","38.5266","-96.726486"
"KS","Kansas","Oberlin","91.3 FM","K217CY","38.5266","-96.726486"
"KS","Kansas","Salina","96.9 FM","K245BN","38.5266","-96.726486"
"KS","Kansas","Salina","99.9 FM","KSKG-HD3","38.5266","-96.726486"
"KS","Kansas","Wichita","99.1 FM","KTLI","38.5266","-96.726486"
"KY","Kentucky","Beattyville","88.3 FM","WEBF","37.66814","-84.670067"
"KY","Kentucky","Danville","96.3 FM","WXKY","37.66814","-84.670067"
"KY","Kentucky","Elizabethtown","99.3 FM","WLEZ","37.66814","-84.670067"
"KY","Kentucky","Fredonia","92.1 FM","WKYF","37.66814","-84.670067"
"KY","Kentucky","Jenkins","103.5 FM","W278BK","37.66814","-84.670067"
"KY","Kentucky","Lexington","89.9 FM","WKVO","37.66814","-84.670067"
"KY","Kentucky","London","104.9 FM","W285DT","37.66814","-84.670067"
"KY","Kentucky","London","103.1 FM","WWLT","37.66814","-84.670067"
"KY","Kentucky","Louisville","95.1 FM","W236AN","37.66814","-84.670067"
"KY","Kentucky","Louisville","100.5 FM","WSDF-HD2","37.66814","-84.670067"
"KY","Kentucky","Morehead","93.3 FM","W227AX","37.66814","-84.670067"
"KY","Kentucky","Paducah","90.1 FM","WKYP","37.66814","-84.670067"
"KY","Kentucky","Somerset","88.1 FM","WKVY","37.66814","-84.670067"
"LA","Louisiana","Alexandria","89.9 FM","KLXA","31.169546","-91.867805"
"LA","Louisiana","Baton Rouge","92.7 FM","WBKL","31.169546","-91.867805"
"LA","Louisiana","Bunkie","106.3 FM","K292GE","31.169546","-91.867805"
"LA","Louisiana","Houma","106.3 FM","KLXH","31.169546","-91.867805"
"LA","Louisiana","Lafayette","90.9 FM","KIKL","31.169546","-91.867805"
"LA","Louisiana","Lake Charles","89.1 FM","KRLR","31.169546","-91.867805"
"LA","Louisiana","Leesville - DeRidder","104.1 FM","KLXN","31.169546","-91.867805"
"LA","Louisiana","Monroe","93.5 FM","KLXE","31.169546","-91.867805"
"LA","Louisiana","Monroe","104.7 FM","K284DE","31.169546","-91.867805"
"LA","Louisiana","Natchitoches","106.5 FM","KLNQ","31.169546","-91.867805"
"LA","Louisiana","New Orleans","107.5 FM","KNOL","31.169546","-91.867805"
"LA","Louisiana","Ruston","92.1 FM","K221GT","31.169546","-91.867805"
"LA","Louisiana","Shreveport","88.5 FM","KLHV","31.169546","-91.867805"
"MA","Massachusetts","Athol","99.9 FM","WKMY","42.230171","-71.530106"
"MA","Massachusetts","Boston","107.3 FM","WKVB","42.230171","-71.530106"
"MA","Massachusetts","Gloucester/North Shore","104.9 FM","WNKC","42.230171","-71.530106"
"MA","Massachusetts","New Bedford","91.1 FM","WTKL","42.230171","-71.530106"
"MD","Maryland","Midland","88.3 FM","WLVV","39.063946","-76.802101"
"MD","Maryland","Ocean City","92.1 FM","WLBW","39.063946","-76.802101"
"MD","Maryland","Salisbury","105.5 FM","WLDW","39.063946","-76.802101"
"ME","Maine","Bangor","102.1 FM","WZVV","44.693947","-69.381927"
"ME","Maine","Bangor","101.7 FM","WSVV","44.693947","-69.381927"
"ME","Maine","Portland","89.3 FM","WMSJ","44.693947","-69.381927"
"ME","Maine","Sanford","92.1 FM","WPKC-FM","44.693947","-69.381927"
"MI","Michigan","Detroit","102.7 FM","WDKL","43.326618","-84.536095"
"MI","Michigan","Escanaba","88.9 FM","WCRR","43.326618","-84.536095"
"MI","Michigan","Flint","100.1 FM","W261BH","43.326618","-84.536095"
"MI","Michigan","Flint","88.9 FM","WLFN","43.326618","-84.536095"
"MI","Michigan","Hillsdale","102.5 FM","WKMH","43.326618","-84.536095"
"MI","Michigan","Holly","98.3 FM","W252CP","43.326618","-84.536095"
"MI","Michigan","Iron Mountain","107.5 FM","W298BW","43.326618","-84.536095"
"MI","Michigan","Ironwood","88.3 FM","WKIW","43.326618","-84.536095"
"MI","Michigan","Linden","106.3 FM","W292DA","43.326618","-84.536095"
"MI","Michigan","Marquette","89.3 FM","WSHN","43.326618","-84.536095"
"MI","Michigan","Munising","97.7 FM","W249DR","43.326618","-84.536095"
"MI","Michigan","Munising","1400 AM","WQXO-AM","43.326618","-84.536095"
"MI","Michigan","Saginaw","89.1 FM","WLKB","43.326618","-84.536095"
"MN","Minnesota","Albertville","92.1 FM","K221ES","45.694454","-93.900192"
"MN","Minnesota","Minneapolis","99.9 FM","K260BA","45.694454","-93.900192"
"MN","Minnesota","Minneapolis","97.7 FM","K249ED","45.694454","-93.900192"
"MN","Minnesota","Minneapolis-St. Paul","100.3 FM","KFXN-HD3","45.694454","-93.900192"
"MN","Minnesota","North Branch","90.3 FM","KMKL","45.694454","-93.900192"
"MN","Minnesota","Willmar","90.9 FM","KKLW","45.694454","-93.900192"
"MN","Minnesota","Windom","88.1 FM","KRLP","45.694454","-93.900192"
"MN","Minnesota","Woodbury","105.5 FM","K288GR","45.694454","-93.900192"
"MO","Missouri","Clinton","96.1 FM","KLRQ","38.456085","-92.288368"
"MO","Missouri","Columbia","106.5 FM","K293CI","38.456085","-92.288368"
"MO","Missouri","Columbia","92.1 FM","KMFC","38.456085","-92.288368"
"MO","Missouri","Jefferson City","97.5 FM","KJMO","38.456085","-92.288368"
"MO","Missouri","Joplin","90.7 FM","KOBC","38.456085","-92.288368"
"MO","Missouri","Kansas City","97.3 FM","KLRX","38.456085","-92.288368"
"MO","Missouri","Saint Joseph","98.5 FM","K253BG","38.456085","-92.288368"
"MO","Missouri","West Plains","107.1 FM","KBMV-FM","38.456085","-92.288368"
"MS","Mississippi","Columbus-Starkville-West Point","104.5 FM","WLXD","32.741646","-89.678696"
"MS","Mississippi","Greenville","104.7 FM","WLRJ","32.741646","-89.678696"
"MS","Mississippi","Grenada","101.3 FM","WKGF","32.741646","-89.678696"
"MS","Mississippi","Gulfport","107.1 FM","WLGF","32.741646","-89.678696"
"MS","Mississippi","Hattiesburg","103.7 FM","WLVZ","32.741646","-89.678696"
"MS","Mississippi","Jackson","94.7 FM","WJLV","32.741646","-89.678696"
"MS","Mississippi","McComb","96.7 FM","WBKM","32.741646","-89.678696"
"MS","Mississippi","Meridian","94.5 FM","W233AS","32.741646","-89.678696"
"MS","Mississippi","Meridian","93.5 FM","WLBJ","32.741646","-89.678696"
"MS","Mississippi","Natchez","91.9 FM","W220BN","32.741646","-89.678696"
"MS","Mississippi","Oxford","90.7 FM","W214BL","32.741646","-89.678696"
"MS","Mississippi","Oxford","102.1 FM","WKFF","32.741646","-89.678696"
"MT","Montana","Billings","90.9 FM","KLRV","46.921925","-110.454353"
"MT","Montana","Bozeman","89.3 FM","KLBZ","46.921925","-110.454353"
"MT","Montana","Butte","89.7 FM","KQLR","46.921925","-110.454353"
"MT","Montana","Great Falls","100.3 FM","KLSK","46.921925","-110.454353"
"MT","Montana","Helena","90.1 FM","KHLV","46.921925","-110.454353"
"MT","Montana","Kalispell","92.7 FM","K224DV","46.921925","-110.454353"
"MT","Montana","Kalispell","88.7 FM","KLKM","46.921925","-110.454353"
"MT","Montana","Kalispell","98.9 FM","K255CH","46.921925","-110.454353"
"MT","Montana","Missoula","93.7 FM","K229BU","46.921925","-110.454353"
"MT","Montana","Missoula","104.5 FM","KKVU-HD2","46.921925","-110.454353"
"NC","North Carolina","Charlotte","91.9 FM","WRCM","35.630066","-79.806419"
"NC","North Carolina","Durham","106.7 FM","WKVK","35.630066","-79.806419"
"NC","North Carolina","Fayetteville","107.3 FM","WKFV","35.630066","-79.806419"
"NC","North Carolina","Greensboro","94.1 FM","WWLV","35.630066","-79.806419"
"NC","North Carolina","Greenville","98.9 FM","WLXB","35.630066","-79.806419"
"NC","North Carolina","Hatteras","97.1 FM","WKHC","35.630066","-79.806419"
"NC","North Carolina","Henderson","105.7 FM","W289BX","35.630066","-79.806419"
"NC","North Carolina","Jacksonville","104.1 FM","WKGV","35.630066","-79.806419"
"NC","North Carolina","Kinston","88.3 FM","WLRK","35.630066","-79.806419"
"NC","North Carolina","Lumberton","102.3 FM","WFVL","35.630066","-79.806419"
"NC","North Carolina","Morehead City/New Bern","105.1 FM","WBKZ","35.630066","-79.806419"
"NC","North Carolina","Pinehurst","90.3 FM","WLXZ","35.630066","-79.806419"
"NC","North Carolina","Raleigh","93.9 FM","WNCB-HD2","35.630066","-79.806419"
"NC","North Carolina","Raleigh","94.3 FM","W232CH","35.630066","-79.806419"
"NC","North Carolina","Raleigh","88.9 FM","WRKV","35.630066","-79.806419"
"NC","North Carolina","Rocky Mount","102.1 FM","W271BT","35.630066","-79.806419"
"NC","North Carolina","Sanford","101.9 FM","W270AW","35.630066","-79.806419"
"NC","North Carolina","Wilmington","95.5 FM","W238AV","35.630066","-79.806419"
"NC","North Carolina","Wilmington","100.5 FM","W263BA","35.630066","-79.806419"
"NC","North Carolina","Wilson","88.3 FM","W202CD","35.630066","-79.806419"
"NC","North Carolina","Wilson","105.5 FM","W288BP","35.630066","-79.806419"
"ND","North Dakota","Bismarck","88.3 FM","KBMK","47.528912","-99.784012"
"ND","North Dakota","Fargo","99.3 FM","K257EP","47.528912","-99.784012"
"ND","North Dakota","Fargo","100.7 FM","KLDQ","47.528912","-99.784012"
"ND","North Dakota","Grand Forks","95.3 FM","K237ER","47.528912","-99.784012"
"ND","North Dakota","Jamestown","89.1 FM","KJKL","47.528912","-99.784012"
"ND","North Dakota","Minot","100.7 FM","KNDL","47.528912","-99.784012"
"ND","North Dakota","Williston","91.7 FM","KNDW","47.528912","-99.784012"
"NE","Nebraska","Grand Island","88.3 FM","KLNB","41.12537","-98.268082"
"NE","Nebraska","Hastings","90.3 FM","K212GI","41.12537","-98.268082"
"NE","Nebraska","Lincoln","91.9 FM","K220GT","41.12537","-98.268082"
"NE","Nebraska","Lincoln","89.9 FM","KFLV","41.12537","-98.268082"
"NE","Nebraska","Norfolk","91.7 FM","KVLD","41.12537","-98.268082"
"NE","Nebraska","Omaha","88.1 FM","KMLV","41.12537","-98.268082"
"NE","Nebraska","Scottsbluff","88.3 FM","KLJV","41.12537","-98.268082"
"NH","New Hampshire","Chester","101.5 FM","W268DO","43.452492","-71.563896"
"NH","New Hampshire","Concord","102.3 FM","WAKC","43.452492","-71.563896"
"NH","New Hampshire","Lebanon","107.7 FM","W299AM","43.452492","-71.563896"
"NH","New Hampshire","Lebanon","103.1 FM","WZKC","43.452492","-71.563896"
"NH","New Hampshire","Littleton","99.1 FM","WYKC","43.452492","-71.563896"
"NH","New Hampshire","Plymouth","105.7 FM","WLKC","43.452492","-71.563896"
"NH","New Hampshire","Portsmouth","97.1 FM","W246BP","43.452492","-71.563896"
"NH","New Hampshire","Portsmouth","1540 AM","WPKC-AM","43.452492","-71.563896"
"NJ","New Jersey","Atlantic City","102.7 FM","WLRB","40.298904","-74.521011"
"NJ","New Jersey","Cape May","93.1 FM","WEZW","40.298904","-74.521011"
"NM","New Mexico","Alamogordo","91.7 FM","KLAG","34.840515","-106.248482"
"NM","New Mexico","Albuquerque","90.7 FM","KQLV","34.840515","-106.248482"
"NM","New Mexico","Carlsbad","90.3 FM","KLXC","34.840515","-106.248482"
"NM","New Mexico","Clovis","90.3 FM","KELU","34.840515","-106.248482"
"NM","New Mexico","Farmington","88.9 FM","KNMI","34.840515","-106.248482"
"NM","New Mexico","Gallup","88.9 FM","KLLU","34.840515","-106.248482"
"NM","New Mexico","Hobbs","88.3 FM","KLHK","34.840515","-106.248482"
"NM","New Mexico","Las Cruces","93.5 FM","K228FI","34.840515","-106.248482"
"NM","New Mexico","Las Vegas","91.5 FM","K218FN","34.840515","-106.248482"
"NM","New Mexico","Milan","89.5 FM","KVLK","34.840515","-106.248482"
"NM","New Mexico","Roswell","90.1 FM","KRLU","34.840515","-106.248482"
"NM","New Mexico","Ruidoso","91.3 FM","KLXZ","34.840515","-106.248482"
"NM","New Mexico","Truth Or Consequences","91.1 FM","KLCF","34.840515","-106.248482"
"NM","New Mexico","Tucumcari","91.9 FM","KVLP","34.840515","-106.248482"
"NV","Nevada","Carson City","93.1 FM","K226AL","38.313515","-117.055374"
"NV","Nevada","Fallon","95.1 FM","K236AP","38.313515","-117.055374"
"NV","Nevada","Las Vegas","95.1 FM","K236BM","38.313515","-117.055374"
"NV","Nevada","Las Vegas","106.5 FM","KSNE-HD2","38.313515","-117.055374"
"NV","Nevada","Las Vegas","87.7 FM","KLVG-LD","38.313515","-117.055374"
"NV","Nevada","Reno","92.9 FM","KLRH","38.313515","-117.055374"
"NY","New York","Albany","94.5 FM","WYKV","42.165726","-74.948051"
"NY","New York","Amsterdam","104.1 FM","W281AK","42.165726","-74.948051"
"NY","New York","Buffalo","102.5 FM","WBKV","42.165726","-74.948051"
"NY","New York","Gloversville","90.9 FM","WLGV","42.165726","-74.948051"
"NY","New York","Hauppauge-Long Island","94.9 FM","W235BB","42.165726","-74.948051"
"NY","New York","Jamestown","95.3 FM","WLKW","42.165726","-74.948051"
"NY","New York","Long Island - East","103.3 FM","WPLF","42.165726","-74.948051"
"NY","New York","Malone","94.7 FM","WQLV","42.165726","-74.948051"
"NY","New York","New York","95.5 FM","WPLJ","42.165726","-74.948051"
"NY","New York","Plattsburgh","89.7 FM","WKVJ","42.165726","-74.948051"
"NY","New York","Pulaski","101.7 FM","WGKV","42.165726","-74.948051"
"NY","New York","Rochester","104.9 FM","WKDL","42.165726","-74.948051"
"NY","New York","Rochester","88.1 FM","WKEL","42.165726","-74.948051"
"NY","New York","Saratoga Springs","101.3 FM","WJKE","42.165726","-74.948051"
"NY","New York","Selden-Long Island","104.5 FM","W283BA","42.165726","-74.948051"
"NY","New York","Syracuse","105.9 FM","WKLZ","42.165726","-74.948051"
"NY","New York","Utica","107.3 FM","WKVU","42.165726","-74.948051"
"NY","New York","Watertown","90.1 FM","WKWV","42.165726","-74.948051"
"OH","Ohio","Ashtabula","96.1 FM","WOHK","40.388783","-82.764915"
"OH","Ohio","Athens","94.1 FM","W231CQ","40.388783","-82.764915"
"OH","Ohio","Bellefontaine","94.1 FM","W231BY","40.388783","-82.764915"
"OH","Ohio","Bowling Green","105.9 FM","W290BA","40.388783","-82.764915"
"OH","Ohio","Canton","95.9 FM","WNPQ","40.388783","-82.764915"
"OH","Ohio","Cincinnati","104.3 FM","WNLT","40.388783","-82.764915"
"OH","Ohio","Cleveland","95.5 FM","WKLV-FM","40.388783","-82.764915"
"OH","Ohio","Columbus","102.5 FM","WKVR","40.388783","-82.764915"
"OH","Ohio","Dayton","90.3 FM","WKCD","40.388783","-82.764915"
"OH","Ohio","Findlay","91.7 FM","W219DS","40.388783","-82.764915"
"OH","Ohio","Greenville","103.7 FM","W279BR","40.388783","-82.764915"
"OH","Ohio","Lima","99.3 FM","WVLO","40.388783","-82.764915"
"OH","Ohio","Mansfield","98.7 FM","WYKL","40.388783","-82.764915"
"OH","Ohio","Marion","99.3 FM","W257AB","40.388783","-82.764915"
"OH","Ohio","Portsmouth","104.1 FM","WPYK","40.388783","-82.764915"
"OH","Ohio","Sidney","94.1 FM","W231AZ","40.388783","-82.764915"
"OH","Ohio","Toledo","104.1 FM","W281AL","40.388783","-82.764915"
"OH","Ohio","Toledo","96.9 FM","WNKL","40.388783","-82.764915"
"OH","Ohio","Urbana","103.7 FM","W279BB","40.388783","-82.764915"
"OH","Ohio","West Union","92.7 FM","W224BO","40.388783","-82.764915"
"OH","Ohio","Wilmington","102.3 FM","WKLN","40.388783","-82.764915"
"OH","Ohio","Wooster","90.9 FM","WKWO","40.388783","-82.764915"
"OH","Ohio","Youngstown","107.1 FM","WLVX","40.388783","-82.764915"
"OH","Ohio","Youngstown","101.9 FM","WYLR","40.388783","-82.764915"
"OK","Oklahoma","Ada","90.3 FM","K212FZ","35.565342","-96.928917"
"OK","Oklahoma","Altus","90.9 FM","KKVO","35.565342","-96.928917"
"OK","Oklahoma","Ardmore","88.9 FM","K205FI","35.565342","-96.928917"
"OK","Oklahoma","Chickasha","100.9 FM","K265DT","35.565342","-96.928917"
"OK","Oklahoma","Duncan","103.1 FM","K276FR","35.565342","-96.928917"
"OK","Oklahoma","Enid","105.5 FM","K288FX","35.565342","-96.928917"
"OK","Oklahoma","Lawton","89.9 FM","KWKL","35.565342","-96.928917"
"OK","Oklahoma","McAlester","88.5 FM","KTKL","35.565342","-96.928917"
"OK","Oklahoma","Oklahoma City","88.9 FM","KYLV","35.565342","-96.928917"
"OK","Oklahoma","Stillwater","106.3 FM","K292FJ","35.565342","-96.928917"
"OK","Oklahoma","Tulsa","98.9 FM","K255BE","35.565342","-96.928917"
"OK","Oklahoma","Tulsa","106.5 FM","K293AP","35.565342","-96.928917"
"OK","Oklahoma","Tulsa","103.7 FM","KDKL","35.565342","-96.928917"
"OK","Oklahoma","Tulsa","88.1 FM","KTUA-HD2","35.565342","-96.928917"
"OK","Oklahoma","Tulsa-Bartlesville","89.1 FM","KKLB","35.565342","-96.928917"
"OR","Oregon","Astoria","88.7 FM","KLOY","44.572021","-122.070938"
"OR","Oregon","Bend","90.5 FM","KVLB","44.572021","-122.070938"
"OR","Oregon","Cave Junction","92.5 FM","K223CS","44.572021","-122.070938"
"OR","Oregon","Coos Bay","91.7 FM","K219CK","44.572021","-122.070938"
"OR","Oregon","Eugene","100.9 FM","K265DF","44.572021","-122.070938"
"OR","Oregon","Eugene","107.3 FM","K297AJ","44.572021","-122.070938"
"OR","Oregon","Grants Pass","91.1 FM","KLXG","44.572021","-122.070938"
"OR","Oregon","Hood River","91.1 FM","K216EB","44.572021","-122.070938"
"OR","Oregon","Klamath Falls","100.7 FM","KLKF","44.572021","-122.070938"
"OR","Oregon","La Grande","88.9 FM","K205DV","44.572021","-122.070938"
"OR","Oregon","La Pine","90.1 FM","KVLQ","44.572021","-122.070938"
"OR","Oregon","Medford/Ashland","101.1 FM","KLMD","44.572021","-122.070938"
"OR","Oregon","Newport","89.9 FM","K210CW","44.572021","-122.070938"
"OR","Oregon","Portland","97.9 FM","KLVP","44.572021","-122.070938"
"OR","Oregon","Roseburg","89.3 FM","KLOV","44.572021","-122.070938"
"OR","Oregon","Salem/Albany","107.1 FM","KLVU","44.572021","-122.070938"
"OR","Oregon","The Dalles","101.5 FM","KDLZ","44.572021","-122.070938"
"OR","Oregon","Tillamook","90.3 FM","KLON","44.572021","-122.070938"
"PA","Pennsylvania","Altoona","93.5 FM","WLKE","40.590752","-77.209755"
"PA","Pennsylvania","Bloomsburg","95.9 FM","WKBP","40.590752","-77.209755"
"PA","Pennsylvania","Gettysburg","1320 AM","WGET-AM","40.590752","-77.209755"
"PA","Pennsylvania","Gettysburg","93.7 FM","W229DK","40.590752","-77.209755"
"PA","Pennsylvania","Halifax","88.5 FM","WKHW","40.590752","-77.209755"
"PA","Pennsylvania","Harrisburg","92.1 FM","WKHL","40.590752","-77.209755"
"PA","Pennsylvania","Johnstown","105.7 FM","WLKJ","40.590752","-77.209755"
"PA","Pennsylvania","Oil City","96.3 FM","WLOQ","40.590752","-77.209755"
"PA","Pennsylvania","Philadelphia","106.9 FM","WKVP","40.590752","-77.209755"
"PA","Pennsylvania","Pittsburgh","98.3 FM","WPKV","40.590752","-77.209755"
"PA","Pennsylvania","Scranton","88.3 FM","WLKA","40.590752","-77.209755"
"PA","Pennsylvania","Somerset","97.7 FM","WLKH","40.590752","-77.209755"
"PA","Pennsylvania","State College","107.9 FM","WKPA","40.590752","-77.209755"
"PA","Pennsylvania","Sunbury","100.9 FM","WVLY-FM","40.590752","-77.209755"
"PA","Pennsylvania","Uniontown","92.5 FM","W223BY","40.590752","-77.209755"
"PA","Pennsylvania","Warren","105.1 FM","WFSH-FM","40.590752","-77.209755"
"PA","Pennsylvania","Williamsport","88.1 FM","WKWP","40.590752","-77.209755"
"PA","Pennsylvania","York","92.7 FM","WKYJ","40.590752","-77.209755"
"PR","Puerto Rico","San Juan","105.7 FM","WJKL","",""
"RI","Rhode Island","Providence","95.5 FM","WLVO","41.680893","-71.51178"
"RI","Rhode Island","Westerly","88.1 FM","WKIV","41.680893","-71.51178"
"SC","South Carolina","Columbia","89.7 FM","WMHK","33.856892","-80.945007"
"SC","South Carolina","Greenville-Spartanburg","94.5 FM","WKVG","33.856892","-80.945007"
"SC","South Carolina","Myrtle Beach","88.9 FM","WKVC","33.856892","-80.945007"
"SC","South Carolina","Orangeburg","100.3 FM","WORG","33.856892","-80.945007"
"SD","South Dakota","Aberdeen","94.9 FM","KLRJ","44.299782","-99.438828"
"SD","South Dakota","Huron","89.7 FM","KLUV","44.299782","-99.438828"
"SD","South Dakota","Mitchell","89.7 FM","K209FX","44.299782","-99.438828"
"SD","South Dakota","Sioux Falls","90.1 FM","KSFS","44.299782","-99.438828"
"SD","South Dakota","Yankton","88.7 FM","KLRK","44.299782","-99.438828"
"TN","Tennessee","Brownsville","101.7 FM","W269BB","35.747845","-86.692345"
"TN","Tennessee","Dyersburg","90.7 FM","WZKV","35.747845","-86.692345"
"TN","Tennessee","Jackson","96.9 FM","W245AR","35.747845","-86.692345"
"TN","Tennessee","Jackson","106.3 FM","W292CZ","35.747845","-86.692345"
"TN","Tennessee","Knoxville","88.3 FM","WYLV","35.747845","-86.692345"
"TN","Tennessee","Lawrenceburg","103.9 FM","WLFM","35.747845","-86.692345"
"TN","Tennessee","Memphis","94.1 FM","WKVF","35.747845","-86.692345"
"TN","Tennessee","Morristown","94.1 FM","WMXK","35.747845","-86.692345"
"TN","Tennessee","Murfreesboro","104.9 FM","WLVN","35.747845","-86.692345"
"TN","Tennessee","Nashville","97.1 FM","WLVU","35.747845","-86.692345"
"TN","Tennessee","Selmer-Jackson","90.5 FM","WXKV","35.747845","-86.692345"
"TN","Tennessee","Tullahoma","88.5 FM","WKTH","35.747845","-86.692345"
"TX","Texas","Amarillo","89.1 FM","KXLV","31.054487","-97.563461"
"TX","Texas","Anthony","102.7 FM","K274BL","31.054487","-97.563461"
"TX","Texas","Austin","105.9 FM","KFMK","31.054487","-97.563461"
"TX","Texas","Beaumont","98.1 FM","K251AL","31.054487","-97.563461"
"TX","Texas","Beaumont","105.3 FM","KLTW-HD2","31.054487","-97.563461"
"TX","Texas","Big Spring","97.3 FM","K247AZ","31.054487","-97.563461"
"TX","Texas","Borger","92.3 FM","K222BE","31.054487","-97.563461"
"TX","Texas","Bowie","92.3 FM","K222AW","31.054487","-97.563461"
"TX","Texas","Brownfield","106.1 FM","K291BD","31.054487","-97.563461"
"TX","Texas","Bryan-College Station","103.9 FM","KVLX","31.054487","-97.563461"
"TX","Texas","Corpus Christi","88.7 FM","KPLV","31.054487","-97.563461"
"TX","Texas","Dallas-Fort Worth","94.9 FM","KLTY","31.054487","-97.563461"
"TX","Texas","Dripping Springs","91.9 FM","KLLR","31.054487","-97.563461"
"TX","Texas","Dumas","92.5 FM","K223AU","31.054487","-97.563461"
"TX","Texas","El Paso","89.5 FM","KKLY","31.054487","-97.563461"
"TX","Texas","Fredericksburg","88.1 FM","KGKV","31.054487","-97.563461"
"TX","Texas","Groves","94.7 FM","K234AM","31.054487","-97.563461"
"TX","Texas","Hereford","90.9 FM","KRLH","31.054487","-97.563461"
"TX","Texas","Houston","97.1 FM","KLVH","31.054487","-97.563461"
"TX","Texas","Karnes City","103.1 FM","KZKV","31.054487","-97.563461"
"TX","Texas","Kerrville","99.9 FM","KLKV","31.054487","-97.563461"
"TX","Texas","Killeen","107.9 FM","K300BO","31.054487","-97.563461"
"TX","Texas","Killeen","88.5 FM","KVLT","31.054487","-97.563461"
"TX","Texas","Lubbock","90.9 FM","KKLU","31.054487","-97.563461"
"TX","Texas","Mauriceville","98.9 FM","K255BB","31.054487","-97.563461"
"TX","Texas","Midland/Odessa","90.5 FM","KLVW","31.054487","-97.563461"
"TX","Texas","Pampa","93.5 FM","K228EB","31.054487","-97.563461"
"TX","Texas","San Angelo","88.5 FM","KLRW","31.054487","-97.563461"
"TX","Texas","San Antonio","91.3 FM","KZLV","31.054487","-97.563461"
"TX","Texas","San Antonio","103.7 FM","KZAI-HD2","31.054487","-97.563461"
"TX","Texas","San Marcos/New Braunfels","106.3 FM","KMLR","31.054487","-97.563461"
"TX","Texas","Tyler","88.7 FM","KZLO","31.054487","-97.563461"
"TX","Texas","Waco","88.1 FM","KVLW","31.054487","-97.563461"
"TX","Texas","Waco","96.1 FM","K241BW","31.054487","-97.563461"
"TX","Texas","Wichita Falls","90.5 FM","KZKL","31.054487","-97.563461"
"UT","Utah","Logan","88.1 FM","KNKL","40.150032","-111.862434"
"UT","Utah","Moab","89.3 FM","K207EM","40.150032","-111.862434"
"UT","Utah","Price","102.5 FM","K273BT","40.150032","-111.862434"
"UT","Utah","Salt Lake City","107.5 FM","KKLV","40.150032","-111.862434"
"UT","Utah","St. George","90.3 FM","KLGU","40.150032","-111.862434"
"UT","Utah","Vernal","90.9 FM","KUKV","40.150032","-111.862434"
"VA","Virginia","Bedford","106.9 FM","WLGX","37.769337","-78.169968"
"VA","Virginia","Coeburn","99.7 FM","WGCK-FM","37.769337","-78.169968"
"VA","Virginia","Farmville","95.7 FM","WFLO-FM","37.769337","-78.169968"
"VA","Virginia","Fredericksburg","89.5 FM","WLJV","37.769337","-78.169968"
"VA","Virginia","Glade Spring","100.5 FM","WLGW","37.769337","-78.169968"
"VA","Virginia","Harrisonburg","102.9 FM","WLTK","37.769337","-78.169968"
"VA","Virginia","Manassas","94.3 FM","WLZV","37.769337","-78.169968"
"VA","Virginia","Norfolk","93.3 FM","W227BR","37.769337","-78.169968"
"VA","Virginia","Norfolk","90.7 FM","WZLV","37.769337","-78.169968"
"VA","Virginia","Norfolk","105.3 FM","WNOH-HD3","37.769337","-78.169968"
"VA","Virginia","Pennington Gap","105.5 FM","WLGY","37.769337","-78.169968"
"VA","Virginia","Petersburg","100.3 FM","WKYV","37.769337","-78.169968"
"VA","Virginia","Richmond","98.9 FM","WLFV","37.769337","-78.169968"
"VA","Virginia","Roanoke","106.1 FM","WLRX","37.769337","-78.169968"
"VA","Virginia","Williamsburg","97.7 FM","W249CT","37.769337","-78.169968"
"VA","Virginia","Winchester","103.3 FM","WTCF","37.769337","-78.169968"
"VI","Virgin Islands","Charlotte Amalie","107.3 FM","WVIE","",""
"WA","Washington","Aberdeen","89.9 FM","K210ES","47.400902","-121.490494"
"WA","Washington","Centralia","101.7 FM","K269FS","47.400902","-121.490494"
"WA","Washington","Ellensburg","88.5 FM","K203EN","47.400902","-121.490494"
"WA","Washington","Grand Coulee","98.5 FM","KLGW","47.400902","-121.490494"
"WA","Washington","Kennewick","103.1 FM","K276EU","47.400902","-121.490494"
"WA","Washington","Longview","90.3 FM","KLWO","47.400902","-121.490494"
"WA","Washington","Olympia","98.5 FM","KNBQ","47.400902","-121.490494"
"WA","Washington","Port Angeles","90.9 FM","K215DP","47.400902","-121.490494"
"WA","Washington","Seattle","104.5 FM","KLSW","47.400902","-121.490494"
"WA","Washington","Spokane","106.5 FM","KLSN","47.400902","-121.490494"
"WA","Washington","Tri-Cities","93.3 FM","KRKL","47.400902","-121.490494"
"WA","Washington","Wenatchee","88.1 FM","KLUW","47.400902","-121.490494"
"WA","Washington","Westport","101.3 FM","KLWA","47.400902","-121.490494"
"WA","Washington","Yakima","103.1 FM","KYKV","47.400902","-121.490494"
"WI","Wisconsin","Appleton","102.1 FM","W271AC","44.268543","-89.616508"
"WI","Wisconsin","Appleton","106.1 FM","W291CM","44.268543","-89.616508"
"WI","Wisconsin","Eau Claire","89.1 FM","W206AH","44.268543","-89.616508"
"WI","Wisconsin","Fond Du Lac","91.7 FM","WDKV","44.268543","-89.616508"
"WI","Wisconsin","Green Bay","90.5 FM","WPFF","44.268543","-89.616508"
"WI","Wisconsin","Green Bay","104.9 FM","WPCK","44.268543","-89.616508"
"WI","Wisconsin","La Crosse","100.1 FM","WLCW","44.268543","-89.616508"
"WI","Wisconsin","Milwaukee","93.3 FM","WLVE","44.268543","-89.616508"
"WI","Wisconsin","New London","97.3 FM","W247AS","44.268543","-89.616508"
"WI","Wisconsin","Oshkosh","105.3 FM","W287BZ","44.268543","-89.616508"
"WI","Wisconsin","Sheboygan","96.9 FM","W245AK","44.268543","-89.616508"
"WV","West Virginia","Charleston","98.1 FM","W251BH","38.491226","-80.954453"
"WV","West Virginia","Charleston","93.3 FM","WKVW","38.491226","-80.954453"
"WV","West Virginia","Clarksburg","88.1 FM","WKJL","38.491226","-80.954453"
"WV","West Virginia","Harrisville","90.7 FM","W214CG","38.491226","-80.954453"
"WV","West Virginia","Huntington","91.9 FM","WHKU","38.491226","-80.954453"
"WV","West Virginia","Morgantown","93.9 FM","W230AY","38.491226","-80.954453"
"WV","West Virginia","Morgantown","106.9 FM","WUKL","38.491226","-80.954453"
"WV","West Virginia","Parkersburg","91.9 FM","WLKP","38.491226","-80.954453"
"WV","West Virginia","Ripley","90.7 FM","WLKV","38.491226","-80.954453"
"WV","West Virginia","Saint Albans","94.9 FM","W235BF","38.491226","-80.954453"
"WV","West Virginia","Weirton","99.3 FM","W257BP","38.491226","-80.954453"
"WV","West Virginia","Wheeling","103.5 FM","WNKV","38.491226","-80.954453"
"WV","West Virginia","Wheeling","88.7 FM","WULV","38.491226","-80.954453"
"WY","Wyoming","Casper","89.1 FM","KLWC","42.755966","-107.30249"
"WY","Wyoming","Cheyenne/Laramie","90.9 FM","KLWV","42.755966","-107.30249"
"WY","Wyoming","Gillette","88.9 FM","KLOF","42.755966","-107.30249"
"WY","Wyoming","Jackson","88.3 FM","KMLT","42.755966","-107.30249"
"WY","Wyoming","Riverton","91.7 FM","KRKM","42.755966","-107.30249"
"WY","Wyoming","Rock Springs","101.9 FM","KLWR","42.755966","-107.30249"
"WY","Wyoming","Sheridan","89.9 FM","K210AM","42.755966","-107.30249"
